Risa,Yorkshire Terrier,Illiana Rocha,2014-06-07
Kane,Grosspudel,Kenyon Reyes,2011-12-01
Rachel,Deutsch Kurzhaar,Travis Gardner,2015-09-18
Prescott,Labrador Retriever,Stuart Osborne,2018-08-28
Tyrone,Dachshund,Hayes Coleman,2013-10-29
Travis,Malteser,Harrison Webster,2020-09-11
Nissim,Border Collie,Joel Erickson,2019-10-04
Melissa,Bernhardiner,Shaeleigh Frank,2018-06-30
Kane,Berner Sennenhund,Salvador Cole,2018-02-15
Randall,Bearded Collie,Scarlett Roy,2012-10-23
Justin,Franzoesische Bulldogge,Shafira Rocha,2014-11-10
Leigh,Golden Retriever,Irma Albert,2010-12-06
Prescott,Dalmatiner,Nash Coleman,2019-01-17
Camden,Scottish Terrier,Rebecca Mayo,2013-07-26
Griffin,Cocker-Spaniel,Chastity Cervantes,2012-12-31
Eliana,Yorkshire Terrier,Cedric Campbell,2013-01-11
Hillary,Berner Sennenhund,Martha Cline,2016-11-02
Malachi,Yorkshire Terrier,Tasha Hancock,2014-11-11
Garth,Deutscher Schaeferhund,Dorian Velasquez,2014-01-16
Cameron,Dalmatiner,Callie Vincent,2017-12-30
Chelsea,Deutsche Dogge,Ramona Velazquez,2010-08-21
Adam,Bernhardiner,Alexis Floyd,2011-02-14
TaShya,Chihuahua,Kelsey Malone,2017-06-20
Clementine,Deutsche Dogge,Vladimir Mack,2018-03-11
Curran,Cocker-Spaniel,Raven Fields,2014-04-16
Hollee,Deutscher Schaeferhund,Julie Hardin,2015-08-18
John,Labrador Retriever,Cora Cleveland,2017-04-22
Angelica,Rottweiler,Paula Arnold,2015-10-24
Ronan,Kromfohrlaender,Clarke Mitchell,2015-10-21
Zelenia,Bearded Collie,Ronan Campbell,2018-03-09
Josephine,Bernhardiner,Mikayla Barton,2019-05-07
Berk,Irish Terrier,Francis Watkins,2020-11-23
Victor,Bull Terrier,Whitney Drake,2018-11-19
Cailin,Norfolk Terrier,Melissa Dunn,2018-08-01
Andrew,Norfolk Terrier,Cody Gonzalez,2018-03-18
Jackson,Deutsch Kurzhaar,Jamalia Guerrero,2016-04-19
Jade,Rottweiler,Burton Mathews,2014-03-21
Craig,Grosspudel,Armando Woods,2016-04-09
Blossom,Zwergschnauzer,Darryl Rosario,2014-06-04
Sade,Norfolk Terrier,Alika Chavez,2017-10-25
Malcolm,Deutscher Schaeferhund,Maggy Terrell,2020-12-11
Francis,Neufundlaender,Yoko Bradford,2010-11-22
Reuben,Scottish Terrier,Derek Durham,2013-08-14
Beau,Scottish Terrier,Astra Vincent,2018-01-20
Cleo,Pinscher,Cassidy Pitts,2018-12-05
Suki,Scottish Terrier,Mannix Lancaster,2020-11-20
Ian,Riesenschnauzer,Bernard Mayer,2017-07-21
Taylor,Deutscher Schaeferhund,Wendy Gaines,2012-08-29
Kevin,Scottish Terrier,Urielle Grimes,2018-06-25
Wayne,Pudel,Elaine Blankenship,2013-11-13
Zephr,Pekingese,Aspen Wiggins,2013-06-03
Lila,Deutsche Dogge,Noelani Benton,2015-05-11
Gloria,Zwergpinscher,Suki Nelson,2012-08-29
Mara,Grosspudel,Deacon Oneill,2015-01-22
Martin,Bull Terrier,Ava Maldonado,2011-10-17
Alea,Chihuahua,Micah Middleton,2014-01-03
Quentin,Golden Retriever,Eden Lloyd,2015-01-26
Boris,Pinscher,Ori Merritt,2011-04-17
Jesse,Labrador Retriever,Aretha Paul,2019-05-21
Janna,Franzoesische Bulldogge,Macey Bates,2017-01-06
Samuel,Labrador Retriever,Selma Sexton,2013-02-22
Judith,Pekingese,Colin Abbott,2017-12-22
Aquila,Beagle,Brandon Gilmore,2014-07-22
Jacqueline,Zwergpinscher,Brennan Spencer,2014-05-27
Shellie,Rottweiler,Ila Allison,2017-11-17
Jordan,Deutsch Kurzhaar,Damon Gray,2013-09-22
Mufutau,Riesenschnauzer,Xenos Giles,2018-07-14
Nicole,Deutsch Langhaar,Oleg Lowe,2013-07-06
Shoshana,Mastiff,Herrod Greer,2010-12-03
Blake,Dalmatiner,Coby Colon,2014-01-27
Slade,Deutsche Dogge,Denise Michael,2012-09-06
Geoffrey,Irish Terrier,Brock Long,2014-10-11
Paki,Grosspudel,Samuel Yang,2013-07-17
Hayley,Bearded Collie,Kirby Brooks,2017-02-23
Yen,Deutsch Kurzhaar,Keegan Black,2015-10-01
Garth,Dachshund,Sacha Howard,2014-01-07
Oliver,Rottweiler,Aristotle Browning,2012-12-01
Barry,Malteser,Flavia Espinoza,2020-04-21
Charles,Bearded Collie,Avye Lara,2015-01-16
Jackson,Dobermann,Sandra Riley,2010-06-13
Medge,Malteser,Wynter Alvarez,2010-08-03
Maite,Dachshund,Carla Santiago,2019-10-15
Echo,Yorkshire Terrier,Mari Mathis,2015-08-10
Brendan,Zwergschnauzer,Timon Moreno,2013-09-27
Yeo,Bull Terrier,Ryder Hamilton,2017-12-24
Lacota,Labrador Retriever,Glenna Davidson,2020-02-18
Chiquita,Golden Retriever,Sophia Mcguire,2020-04-26
Curran,Pinscher,Keefe Kim,2010-06-23
Ocean,Deutscher Schaeferhund,Sigourney Emerson,2011-11-10
Myra,Franzoesische Bulldogge,Lenore Pate,2019-03-04
Autumn,Norfolk Terrier,Zoe Cardenas,2011-11-05
Reed,Zwergschnauzer,Natalie Gross,2016-10-18
Hector,Norfolk Terrier,Blossom Mcintosh,2012-05-22
Shoshana,Pinscher,Dominique Boyle,2010-09-19
Hanae,Riesenschnauzer,Troy Lang,2012-12-07
Lenore,Dachshund,Meredith Austin,2011-12-25
Dorian,Pudel,Grady Norton,2010-02-21
Ulric,Collie Langhaar,Halla Daniels,2015-05-09
Bianca,Bull Terrier,Simon Ferrell,2013-02-09
Athena,Malteser,Hayley Marshall,2020-06-25
Nora,Chihuahua,Kiona Fulton,2020-07-09
Tallulah,Deutsche Dogge,Zia Bruce,2016-10-02
Audra,Boxer,Elton Cabrera,2016-10-04
Fritz,Kromfohrlaender,Vance Cameron,2019-12-15
Rahim,Rottweiler,Elijah Nixon,2015-03-05
Omar,Zwergschnauzer,Cassandra Mccarthy,2011-03-15
Paula,Pinscher,Faith Wong,2020-08-08
Jael,Bull Terrier,Macy Bray,2012-09-14
Abra,Dachshund,Lacota Harris,2017-07-27
Noel,Yorkshire Terrier,Colorado Guthrie,2020-06-04
Xyla,Scottish Terrier,Lesley Paul,2010-08-22
Tamara,Bull Terrier,Reed Hewitt,2020-05-31
Aileen,Dachshund,Silas Robbins,2016-06-09
Brendan,Boxer,Jemima Justice,2012-11-04
Evangeline,Pinscher,Dacey Ryan,2012-10-29
Winifred,Chihuahua,Ainsley Valentine,2018-04-17
Thor,Dachshund,Jessica Giles,2019-01-20
Ronan,Irish Terrier,Samson Atkinson,2010-02-01
Piper,Deutsche Dogge,Sacha Carey,2020-11-03
Abigail,Mops,Sade Farmer,2019-12-12
Dante,Mops,Daphne Osborne,2013-05-03
Baxter,Collie Langhaar,Kitra Lee,2011-07-07
Benjamin,Bull Terrier,Jared Riley,2015-08-20
Hiram,Bearded Collie,Sean Clay,2012-12-10
Reese,Pekingese,Fulton Floyd,2017-06-14
Shad,Bernhardiner,Denton Hurley,2016-03-10
Gray,Pekingese,Shelly Adams,2018-01-19
Edward,Deutsche Dogge,Maxine Morris,2017-05-09
Amir,Malteser,Medge Molina,2013-12-01
Hashim,Malteser,Lenore Baxter,2010-01-12
Ina,Neufundlaender,Dawn Bird,2017-09-15
Avye,Irish Terrier,Yeo Tucker,2011-06-19
Lydia,Irish Terrier,Irma Allison,2013-08-23
Rosalyn,Dalmatiner,Imelda Jacobson,2018-12-24
Jane,Cocker-Spaniel,Wynne Saunders,2016-05-01
Logan,Neufundlaender,Gemma Day,2013-07-03
Vivian,Dobermann,Ainsley Bright,2019-08-28
Darryl,Bernhardiner,Laurel Edwards,2016-11-17
Griffith,Dalmatiner,Urielle Padilla,2017-08-09
Cedric,Mops,Lara Shields,2013-10-30
Nomlanga,Deutsch Langhaar,Amery Pitts,2018-11-08
William,Grosspudel,Mohammad Hanson,2016-01-05
Jessica,Cocker-Spaniel,Levi Houston,2013-01-13
Kameko,Zwergschnauzer,Nina Adams,2011-10-26
Joshua,Pinscher,Michael Bean,2015-11-20
Lavinia,Deutscher Schaeferhund,Deborah Wood,2019-09-24
August,Bearded Collie,Isaiah Bean,2014-02-17
Thaddeus,Deutscher Schaeferhund,Renee Allen,2012-08-17
Jasmine,Rottweiler,Jessamine Young,2020-03-24
Adria,Golden Retriever,Caryn Moon,2014-09-19
Paula,Franzoesische Bulldogge,Reuben Calhoun,2015-08-04
Brynne,Cocker-Spaniel,Ruby Peterson,2020-05-28
Warren,Berner Sennenhund,Avram Campos,2015-05-31
Rafael,Mastiff,Ezra Juarez,2014-08-09
Orla,Mastiff,Dacey Pate,2018-04-02
Jin,Border Collie,Signe Flores,2011-10-01
Leila,Scottish Terrier,Judith Barry,2015-10-31
Scott,English Cocker Spaniel,Martha Barrett,2020-12-15
Jenette,Yorkshire Terrier,Hermione Salazar,2014-07-05
Murphy,Grosspudel,Simon Kerr,2014-01-15
Dane,Pudel,Sawyer Sheppard,2016-03-09
Ignacia,Norfolk Terrier,Quinn Mclaughlin,2012-05-15
Jesse,Chihuahua,Sonia Ruiz,2015-07-18
Amanda,Collie Langhaar,Fletcher Aguirre,2017-07-06
Eleanor,Pinscher,Beverly Whitney,2010-10-24
Connor,Labrador Retriever,Deanna Cleveland,2020-07-05
Herrod,Deutscher Schaeferhund,Carson Knox,2013-05-03
Talon,Deutsch Langhaar,Brandon Acosta,2012-09-27
Marny,Deutsch Langhaar,Amity Duke,2015-10-25
Julian,Riesenschnauzer,Ivan Nielsen,2010-06-20
Nicholas,Boxer,Hollee Kinney,2014-04-22
Kessie,Bull Terrier,Mariko Burgess,2018-07-06
Zorita,Cocker-Spaniel,Genevieve Mendez,2012-06-10
Eleanor,Deutsch Kurzhaar,Seth Barnes,2019-03-21
Neil,Collie Langhaar,Wyoming Chambers,2013-05-04
Cedric,Deutsche Dogge,Portia Cooley,2012-05-13
Bethany,Pekingese,Jonah Chapman,2016-10-19
Valentine,Chihuahua,Victoria Rutledge,2010-12-01
Emily,Bearded Collie,Indira Davenport,2019-03-17
Tamekah,Golden Retriever,Shelby Harrington,2018-04-14
Benjamin,Riesenschnauzer,Maris Norman,2012-05-18
Jin,Pinscher,Plato Rice,2019-05-25
Cally,Boxer,Maisie Collins,2016-10-25
Hedley,Pudel,Julie Fields,2015-08-11
Raya,Dachshund,Shana Howard,2020-01-14
Whitney,English Cocker Spaniel,Alea Scott,2015-09-11
Gavin,Yorkshire Terrier,Kennedy Hutchinson,2019-01-26
Ashely,Labrador Retriever,Declan Holman,2016-12-05
Catherine,Rottweiler,Justine Slater,2016-04-04
Abdul,Yorkshire Terrier,Illana Vang,2020-03-13
Vivien,Pekingese,Gavin Fowler,2015-05-30
Constance,Mastiff,Ezekiel Delgado,2020-09-26
Callie,Golden Retriever,Orson Rogers,2017-03-07
Eleanor,Labrador Retriever,Naida Maddox,2011-01-22
Chelsea,Bull Terrier,Selma Mcdowell,2017-04-27
Randall,Franzoesische Bulldogge,Hedley Elliott,2013-08-02
Jael,Irish Terrier,Kamal Stone,2016-09-06
Hillary,Riesenschnauzer,Avram Nguyen,2019-06-01
Indira,Kromfohrlaender,Kelly Lee,2018-09-22
Kirk,Mastiff,Quentin Morrow,2013-11-05
Kameko,Zwergschnauzer,Melissa Stevenson,2018-02-01
Sopoline,Deutsche Dogge,Meghan Lynch,2016-10-02
Lionel,Golden Retriever,Heather Mack,2011-02-12
Velma,Collie Langhaar,Maisie Combs,2010-01-29
Margaret,Deutsche Dogge,Ralph Harrison,2012-11-21
Quail,Neufundlaender,Desirae House,2010-02-25
Blossom,Yorkshire Terrier,Lara Powell,2019-04-17
Neville,Pekingese,Dale Nicholson,2011-07-23
Palmer,Kromfohrlaender,Keane Andrews,2019-12-03
Travis,Irish Terrier,Melanie Travis,2012-02-02
Aphrodite,Scottish Terrier,Gregory Mueller,2018-07-02
Gil,Chihuahua,Chiquita Barnett,2017-07-05
Gareth,Deutsche Dogge,Raphael Patton,2014-02-23
Salvador,Bernhardiner,Tanisha Burns,2019-06-07
Elton,Deutsche Dogge,Florence Petersen,2016-04-03
Jenette,Pekingese,Meredith Mcmillan,2017-01-11
Blake,Irish Terrier,Helen Blankenship,2020-01-22
Karyn,Deutsch Kurzhaar,Rhona Fleming,2010-05-13
Lucius,Deutsch Langhaar,Liberty Landry,2014-09-22
Kirestin,Pinscher,Hyacinth Cash,2013-07-03
McKenzie,Bernhardiner,Hanae Briggs,2017-11-17
Noah,Chihuahua,Rose Nolan,2014-04-21
Raphael,English Cocker Spaniel,Ramona Mullins,2012-04-24
Randall,Rottweiler,Beau Golden,2012-08-21
Hector,Dachshund,Tatiana Mcbride,2015-08-08
Erica,Golden Retriever,Veronica Flowers,2015-02-15
Zeus,Pinscher,Heidi Hubbard,2019-11-26
Hiram,Dobermann,Hayden Tate,2011-03-04
Rebekah,Bernhardiner,Ivana Curry,2011-12-03
Louis,Dalmatiner,Joseph Richmond,2016-04-11
Veronica,Scottish Terrier,Whitney Cross,2019-04-23
Ann,Dobermann,Hunter Freeman,2011-07-06
Curran,Rottweiler,Hall Clements,2010-04-04
Adrian,Cocker-Spaniel,Maris Crane,2013-07-28
Alexa,Labrador Retriever,Josiah Spence,2010-06-17
Charles,Boxer,Shannon Griffin,2020-04-14
Warren,Neufundlaender,Marsden Jacobs,2017-12-27
Kerry,Pudel,Philip Battle,2011-04-09
Baxter,Beagle,Harper Bennett,2013-07-26
Ralph,Collie Langhaar,Aubrey Evans,2014-05-21
Guy,Yorkshire Terrier,Jelani Scott,2020-11-04
Elliott,Boxer,Mariko Holt,2013-06-22
Adam,Pekingese,Dorian Wade,2018-07-06
Shelly,Boxer,Phelan Jarvis,2010-12-10
Sacha,Dobermann,Lunea Castro,2016-10-22
Maite,Boxer,Peter Meyer,2017-07-10
Ila,Cocker-Spaniel,Sawyer Skinner,2013-11-01
Linus,Pudel,Hop Carney,2016-05-01
Tyler,Chihuahua,Slade Vance,2019-04-26
Victor,Irish Terrier,Hayden Dunn,2020-11-03
Arden,Scottish Terrier,Yoshio Carlson,2019-04-18
Melissa,Golden Retriever,Hilel Rosario,2013-09-29
Joel,Bull Terrier,Kasimir Mckenzie,2013-11-14
Davis,Golden Retriever,Brody Clark,2014-08-15
Lillith,Collie Langhaar,Keefe Lambert,2014-02-15
Brett,Riesenschnauzer,Blaine Santiago,2018-01-30
Natalie,Deutscher Schaeferhund,Sopoline Kerr,2014-12-21
Haley,Golden Retriever,Cameran Adkins,2019-03-04
Chase,Kromfohrlaender,James Hutchinson,2018-12-08
Francesca,English Cocker Spaniel,Ina Pierce,2011-10-21
Lacy,Kromfohrlaender,Garrett Henry,2010-04-13
Montana,Cocker-Spaniel,Cleo Wallace,2018-03-23
Tate,Dachshund,David Manning,2018-06-14
Shea,Dobermann,Calista Patton,2010-07-29
Kieran,Mops,Quentin West,2015-04-29
Joel,Riesenschnauzer,Chloe Horton,2013-05-02
Rebekah,Zwergschnauzer,Jana Dejesus,2011-11-02
Damon,Bernhardiner,Slade Bradford,2014-05-30
Patricia,English Cocker Spaniel,Merritt Woods,2015-02-10
Drew,Deutsch Langhaar,Mechelle Sutton,2020-04-09
Abbot,Dalmatiner,Hamilton Wallace,2012-12-03
Kylynn,Bernhardiner,Patrick Fitzpatrick,2017-09-11
Kevin,Zwergschnauzer,Finn Schroeder,2011-03-16
Xantha,Grosspudel,Megan Owen,2017-09-03
Plato,Dachshund,Mason Dale,2010-07-28
Magee,Grosspudel,Adele Noble,2014-10-02
Mohammad,Rottweiler,Sybill Singleton,2013-07-14
Wyoming,Grosspudel,Sophia Johns,2011-07-06
Mara,Mastiff,McKenzie Ballard,2014-02-08
Dillon,Deutsch Langhaar,Melinda Hurst,2017-10-10
Palmer,Yorkshire Terrier,Shoshana Hebert,2012-06-13
Xena,Irish Terrier,Tiger Lee,2012-06-01
Ria,Irish Terrier,Emerson Gregory,2011-04-24
Len,Deutsch Kurzhaar,Tamara Cruz,2017-07-21
Darrel,Border Collie,Rooney Stanley,2012-01-02
Mia,Zwergpinscher,Cheryl Doyle,2015-03-27
Macaulay,Deutscher Schaeferhund,Simon Pope,2020-11-10
Nomlanga,Riesenschnauzer,Joel Dudley,2017-12-02
Brianna,Malteser,Kiayada Butler,2014-02-12
Uma,Kromfohrlaender,Mechelle Trevino,2016-01-07
Shellie,Deutsch Kurzhaar,Chantale Harrison,2016-07-03
Maxwell,Grosspudel,Hyatt Odonnell,2016-10-14
Raja,Scottish Terrier,Katelyn Aguilar,2017-01-01
Lillian,Chihuahua,Eagan Alvarado,2017-08-13
Barry,Chihuahua,Blythe Baker,2020-09-17
Arsenio,Mastiff,Melanie Monroe,2014-07-25
Amal,Scottish Terrier,Murphy Trevino,2011-04-02
Laith,Pekingese,Alexandra Wilder,2014-05-09
Griffin,Irish Terrier,Mufutau Mcconnell,2011-05-18
Alyssa,Deutscher Schaeferhund,Fallon Mercer,2015-08-17
Alan,Dachshund,Regan Talley,2016-02-10
Olivia,Border Collie,Mona Ingram,2018-09-03
Jamal,Norfolk Terrier,Hashim Mckee,2020-07-25
Craig,Rottweiler,Gwendolyn Morales,2017-06-16
Minerva,Rottweiler,Lamar Weeks,2018-03-31
Zachery,Franzoesische Bulldogge,Cadman Lopez,2011-05-27
Carl,Collie Langhaar,Lisandra Boyd,2012-01-15
McKenzie,Zwergpinscher,Delilah Cannon,2017-09-11
Lucy,Zwergschnauzer,Nero Browning,2012-12-13
Keegan,Dalmatiner,Kellie Whitfield,2014-07-28
Kiara,Zwergschnauzer,Alika Garner,2020-11-15
Rajah,Boxer,Gay Carter,2020-01-27
Ferris,Beagle,Oprah Hebert,2015-10-19
Deacon,Golden Retriever,Kaye Foster,2012-02-17
Elijah,Zwergschnauzer,Aaron Arnold,2018-06-19
Carter,Mastiff,Malachi Powell,2015-02-26
Olivia,Deutsch Kurzhaar,Lunea Flynn,2019-02-20
Alec,Boxer,Audra Ball,2012-07-11
Ignacia,Yorkshire Terrier,Bo Dejesus,2012-08-30
Kareem,Berner Sennenhund,Dacey Rosa,2020-06-03
Micah,Rottweiler,Cody Carlson,2013-09-16
Daquan,Border Collie,Hilary Nolan,2018-12-01
Yen,Pinscher,Kristen Richmond,2014-02-04
Steel,Berner Sennenhund,Gay Atkins,2013-08-20
Dorian,Mops,Emma Ochoa,2011-07-15
Lael,Deutsche Dogge,Brendan Crawford,2013-02-10
Rashad,Labrador Retriever,Perry Price,2011-03-05
Samuel,Zwergschnauzer,Upton Owens,2016-12-23
Wanda,Pekingese,Rhonda Nielsen,2018-08-19
Robin,Collie Langhaar,Hillary Rocha,2020-05-06
Rahim,Labrador Retriever,Shaine Grant,2013-05-25
Jade,Pinscher,Amos Fitzgerald,2016-03-19
Giacomo,Collie Langhaar,Sophia Mercado,2012-05-21
Miriam,Dobermann,Kamal Meyer,2012-09-16
Julian,Collie Langhaar,Walter Lloyd,2019-09-23
Nina,Franzoesische Bulldogge,Charlotte Parsons,2012-09-10
Shad,Scottish Terrier,Ivana Peck,2018-02-11
Susan,Labrador Retriever,Hermione Mayo,2016-05-24
Reagan,Dalmatiner,Steel Pacheco,2019-08-27
Jane,Border Collie,Ivan Clemons,2017-05-23
Daniel,Mastiff,Lenore Munoz,2016-02-04
Lucius,Dobermann,Shaine Wise,2020-08-09
Nyssa,Scottish Terrier,Carlos Cook,2011-09-26
Plato,Scottish Terrier,Tara Grant,2018-10-05
Janna,Kromfohrlaender,Amelia Chaney,2012-06-30
Audrey,Deutsch Langhaar,Bruno Mcfadden,2018-12-18
Cara,Rottweiler,Neve Bean,2012-07-16
Clare,Mastiff,Florence Caldwell,2013-06-30
Adara,Deutscher Schaeferhund,Judah Palmer,2019-12-02
Kelly,Cocker-Spaniel,Kirk Gross,2011-06-16
Wing,Deutsch Kurzhaar,Adrian Puckett,2019-03-04
Jelani,Cocker-Spaniel,Jaden Cummings,2019-07-18
Claudia,English Cocker Spaniel,Maisie Michael,2010-12-09
Joseph,Beagle,Zane Schmidt,2010-11-27
Fuller,Grosspudel,Noelle Burke,2015-04-20
Lilah,Labrador Retriever,Irma Hester,2010-01-16
Leilani,Zwergpinscher,Warren Bullock,2018-01-02
Keane,Collie Langhaar,Gannon Landry,2010-10-19
Alice,Deutsch Kurzhaar,Nolan Salas,2020-05-27
Steel,Deutscher Schaeferhund,Stewart Pate,2011-07-31
Oliver,Kromfohrlaender,Montana Callahan,2012-06-11
Cade,Mops,Trevor Hooper,2015-11-15
Rhea,Bernhardiner,Tarik Caldwell,2013-08-16
Amery,Pudel,Harding Shaffer,2011-08-18
Ariel,Collie Langhaar,Vaughan Moses,2017-03-31
Azalia,Labrador Retriever,Germane Quinn,2020-10-22
Chaney,Labrador Retriever,Adena Mccullough,2012-05-12
Cara,Cocker-Spaniel,Geoffrey Hooper,2019-01-24
Iona,Mastiff,Joshua Chase,2013-12-29
Honorato,Kromfohrlaender,Ruth Dunn,2011-07-13
Anjolie,Zwergpinscher,Casey Alston,2018-11-01
Kieran,Dobermann,Nash Lyons,2019-09-04
Alea,Bernhardiner,Cathleen Ray,2019-12-03
Harlan,Deutsch Langhaar,Cameran Bishop,2018-01-24
Venus,Deutsche Dogge,Ivy Vang,2019-09-21
Willa,Deutsch Kurzhaar,Naida Duffy,2020-09-22
Nola,Bull Terrier,Hyacinth Zimmerman,2016-03-15
Ila,Collie Langhaar,Nicholas Grimes,2016-11-09
Cameron,Collie Langhaar,Chiquita Burch,2016-04-04
Christen,Chihuahua,Kimberley Stewart,2014-04-12
Aurora,Deutsch Kurzhaar,Aileen Allen,2016-01-23
Sacha,Mastiff,Ruby Olson,2013-02-23
Geoffrey,Neufundlaender,Whitney Hoffman,2011-01-25
Germane,Golden Retriever,Xenos Navarro,2014-12-06
Teagan,Labrador Retriever,Ali Sherman,2017-11-24
Bianca,Border Collie,Rajah Johns,2014-01-03
Amber,Bull Terrier,Paul Finch,2019-10-28
Micah,Labrador Retriever,Kelsie Franco,2010-02-15
Knox,Deutsch Langhaar,Xander Riddle,2016-07-09
Yvonne,Pinscher,Ivy Mcbride,2020-11-15
McKenzie,Riesenschnauzer,Zelda Levine,2011-01-22
Malik,Irish Terrier,Abra Perry,2013-06-25
Blake,Dachshund,Alma Murray,2016-07-14
Bo,Rottweiler,Cally Frye,2018-01-12
Bruno,Rottweiler,Driscoll Brooks,2018-11-28
Ivan,Zwergpinscher,David Powers,2015-05-24
Deanna,Boxer,Lavinia Joyce,2016-09-25
Nina,Riesenschnauzer,Ishmael Sykes,2010-06-05
Josiah,Franzoesische Bulldogge,Brenna Lopez,2017-10-17
Brady,Golden Retriever,Anne Buckley,2019-02-19
Aimee,Zwergschnauzer,Travis Black,2016-12-08
Dillon,Malteser,Trevor Bennett,2020-07-01
Daniel,Labrador Retriever,Donovan Dean,2012-09-28
Randall,Mops,Amy Hood,2020-08-14
Aurelia,Bull Terrier,Cleo Diaz,2013-03-28
Kelly,Chihuahua,Britanni Joyner,2012-09-03
Ezekiel,Bull Terrier,Lucy Johnston,2011-12-03
Blake,Chihuahua,Yvette Gillespie,2014-09-13
Claudia,Border Collie,Clementine Kennedy,2013-08-18
Sean,Berner Sennenhund,Gabriel Mueller,2014-09-02
Geraldine,Zwergpinscher,Imogene Davis,2015-07-07
Salvador,Norfolk Terrier,Sage House,2014-03-13
Chadwick,Border Collie,Hyatt Hyde,2017-10-11
Buckminster,Deutsch Langhaar,Maya Lowe,2014-10-06
Brielle,Chihuahua,Roanna Carney,2014-02-07
Althea,Mastiff,Quynn Powers,2010-10-12
Hiram,Berner Sennenhund,Sheila Barnes,2013-09-24
Lucius,Deutsche Dogge,Stewart Morrow,2016-01-31
Herrod,Neufundlaender,Ignatius Mercer,2015-04-13
Dexter,Chihuahua,Eaton Marshall,2014-02-07
Ivan,Border Collie,Nehru Pace,2011-09-06
Basia,Dachshund,Lacey Watson,2020-10-03
Yolanda,Norfolk Terrier,Velma Sims,2010-01-16
Erasmus,Bearded Collie,India Bonner,2020-11-20
Claudia,Deutsche Dogge,Oleg Decker,2015-03-07
Benedict,Bull Terrier,Yuli Howe,2014-12-23
Willa,Riesenschnauzer,Hedley Marks,2010-12-10
Colt,Dachshund,Julie Andrews,2014-06-03
Sophia,Collie Langhaar,Aubrey Moses,2016-01-08
Constance,Grosspudel,Autumn Matthews,2010-08-05
Hilda,Boxer,Lysandra Hurst,2019-12-18
Quintessa,Zwergpinscher,Rafael Barr,2017-08-04
Xantha,Franzoesische Bulldogge,Denise Lyons,2011-01-26
Tashya,Bearded Collie,Wyatt Ballard,2011-02-15
Nelle,Cocker-Spaniel,Fritz Solomon,2011-02-21
Rinah,Riesenschnauzer,Zelda Valdez,2010-07-28
Lev,Zwergschnauzer,Rooney Randolph,2019-11-11
Tamekah,Deutsch Kurzhaar,Hedy Rosario,2013-06-27
Elliott,Berner Sennenhund,Shannon Mcleod,2016-07-31
Kenneth,Beagle,Lacey Patel,2014-06-26
Chaney,Malteser,Rogan Velazquez,2019-01-08
Aretha,Deutsch Kurzhaar,Cain Franks,2011-12-17
Nyssa,Dalmatiner,Florence Carver,2010-12-03
Gregory,Franzoesische Bulldogge,Cairo Stanton,2012-10-11
Sawyer,Chihuahua,Britanney Craft,2019-10-10
Akeem,Labrador Retriever,Mercedes Dunlap,2017-06-29
Lara,Pekingese,Chanda Howe,2020-08-12
Jackson,Deutsch Kurzhaar,Solomon York,2017-09-07
Basia,Labrador Retriever,Sydney Montgomery,2020-02-05
Salvador,Pinscher,Acton Franklin,2019-07-12
Maxwell,Pudel,Lee Hickman,2013-12-20
Sonia,Chihuahua,Garrison Lyons,2019-06-29
Honorato,Mastiff,Shelly Patterson,2016-12-29
Melodie,Boxer,Akeem Patton,2020-02-01
Akeem,Zwergschnauzer,Wylie Ayala,2014-11-01
India,Riesenschnauzer,Joy Harrison,2010-11-26
Todd,Deutsch Langhaar,Tanek Norris,2019-09-25
Mara,Irish Terrier,Vaughan Wilkins,2019-04-06
Kendall,Irish Terrier,Quincy Bates,2017-09-17
Irma,Pekingese,Allen Morton,2019-11-11
Damon,Dachshund,Eric Stevens,2017-01-01
Ferdinand,Golden Retriever,Chadwick Potts,2013-09-29
Christian,Beagle,Wynter Lara,2010-03-12
Carson,Pekingese,Hakeem Horn,2020-11-07
Summer,Franzoesische Bulldogge,Whoopi Chan,2016-02-05
Beck,Norfolk Terrier,Rogan Bell,2017-04-03
Eleanor,Neufundlaender,Tyrone Lambert,2013-02-28
Mechelle,Collie Langhaar,Lareina Miller,2011-05-05
Sopoline,Scottish Terrier,Ava Kidd,2019-03-23
Cooper,Dachshund,Hollee Wilkerson,2011-04-10
Lucius,Dobermann,Nyssa Patton,2016-08-13
Drake,Zwergschnauzer,Walker Noel,2016-03-25
Zachary,Pekingese,Brody Copeland,2010-07-15
Ross,Riesenschnauzer,Tobias Walsh,2014-01-23
Burton,Bernhardiner,Kevin Sullivan,2017-05-05
Jescie,Mastiff,Sopoline Berg,2014-09-10
Halla,Zwergpinscher,Gregory Becker,2016-04-28
Urielle,Dalmatiner,Samantha Roberson,2010-08-18
Xena,Dachshund,Charde Kramer,2018-11-29
Nissim,Beagle,Neve Wolf,2012-08-07
Conan,Labrador Retriever,Isabella Wade,2013-12-19
Dawn,Deutsch Kurzhaar,Stacey Villarreal,2017-10-03
Chadwick,Golden Retriever,Colton Lloyd,2010-09-22
Howard,Zwergschnauzer,Channing Osborn,2013-10-29
Lane,Franzoesische Bulldogge,Samuel Meyers,2012-05-31
Hannah,Bull Terrier,Zelenia Brooks,2020-03-20
Ruby,Mops,Miriam Acevedo,2019-10-22
Dolan,Pinscher,Portia Vang,2014-08-08
Brenden,Deutsch Kurzhaar,Aline Mendez,2010-04-15
Sean,Cocker-Spaniel,Shaine Sherman,2014-12-14
Wilma,Yorkshire Terrier,TaShya Stanley,2010-10-25
Allen,Beagle,Addison Cote,2017-01-21
Neil,Pinscher,Laith Townsend,2014-02-19
Abra,Chihuahua,Wylie Mack,2011-05-30
Jared,Deutscher Schaeferhund,Marvin Bradford,2012-04-16
George,Franzoesische Bulldogge,Nola Wilkins,2020-11-11
Abigail,Franzoesische Bulldogge,Fritz Miles,2018-05-30
Kirestin,Deutscher Schaeferhund,Yoshi Bright,2012-01-12
Cara,Boxer,Emery Gallegos,2015-04-02
Maxwell,Boxer,Ivana Cobb,2018-06-18
Zephr,Irish Terrier,Blake Barron,2010-01-28
Octavia,Berner Sennenhund,Ian Douglas,2019-12-20
Claudia,Mastiff,Byron Graham,2016-02-17
Rae,Chihuahua,Amal Pittman,2013-05-30
Branden,Chihuahua,Garth Webb,2020-07-10
Tanisha,Bull Terrier,Thaddeus Richards,2010-10-07
Kelsie,Mops,Bradley Salas,2013-12-03
Hedley,Deutsch Langhaar,Leilani Wall,2013-08-30
Cole,Zwergschnauzer,Darrel Blevins,2015-05-01
Alec,Bull Terrier,Sloane Serrano,2019-03-02
Tatyana,Pekingese,September Romero,2017-04-15
Gage,Pekingese,Lacey Kemp,2016-10-16
Myles,Collie Langhaar,Constance Herrera,2017-08-17
Hadley,Golden Retriever,Iris Gentry,2014-03-04
Duncan,Kromfohrlaender,Seth Houston,2020-02-09
Sheila,Beagle,Gisela Parrish,2010-10-13
Upton,Zwergpinscher,Alexandra Daugherty,2013-04-24
Harding,Neufundlaender,Kamal Todd,2011-01-01
Hop,Pudel,Silas Lindsey,2013-02-17
Keelie,Pinscher,Axel Schroeder,2010-03-15
Vivian,Labrador Retriever,Jack Ramirez,2016-08-20
Peter,Pudel,Grant Snow,2014-03-04
Anastasia,Scottish Terrier,Mikayla Kirkland,2018-05-01
Oleg,Deutscher Schaeferhund,Zeph Bradley,2019-05-01
Chadwick,Franzoesische Bulldogge,Nelle Sampson,2016-07-10
Maya,Cocker-Spaniel,Brooke Sloan,2013-11-20
Bianca,English Cocker Spaniel,Aubrey Martin,2015-01-07
Sopoline,Neufundlaender,Tucker Washington,2012-05-12
Tara,Yorkshire Terrier,Ivana Manning,2013-08-07
Rooney,Border Collie,Dominic Knapp,2020-10-08
Xanthus,Labrador Retriever,Macaulay Avery,2014-08-27
Burke,Norfolk Terrier,Julie Dalton,2013-06-25
Indigo,Pudel,Amaya Hooper,2018-10-15
India,Norfolk Terrier,Idona Molina,2017-09-07
Thor,Deutsch Kurzhaar,Michael Avery,2017-03-07
Macy,Dachshund,Hanna Fletcher,2015-07-29
Kaye,Mastiff,Paul Wheeler,2010-07-29
Hector,Kromfohrlaender,Brady Lloyd,2020-05-06
Theodore,Mops,Katell Noel,2020-05-08
Kamal,Franzoesische Bulldogge,Zoe Sargent,2018-12-30
Zahir,Bearded Collie,Xenos Bryan,2011-02-12
Martina,Irish Terrier,Micah Blackwell,2018-06-29
Andrew,Mops,Jerome Williamson,2012-10-29
Marsden,Collie Langhaar,Griffin Mooney,2019-07-03
Porter,Kromfohrlaender,Hop Scott,2012-05-16
Tamekah,Riesenschnauzer,Jerome Ortiz,2020-09-02
Evan,Pekingese,Lyle Burnett,2010-08-19
Aline,Boxer,Tobias Burks,2017-01-11
Gloria,Kromfohrlaender,Devin Mendoza,2014-10-09
Steel,Zwergpinscher,Ima Bass,2019-02-15
Gwendolyn,Neufundlaender,Akeem Hutchinson,2017-06-10
Ezekiel,Rottweiler,Addison Barrera,2015-05-09
Briar,Bernhardiner,Leo Montoya,2018-07-18
Joan,Franzoesische Bulldogge,Leo Giles,2012-07-30
Ezra,Bearded Collie,Colorado Yates,2014-02-11
Dennis,Zwergpinscher,Fulton Ross,2015-03-21
Anthony,Zwergschnauzer,TaShya Beard,2011-11-28
Henry,Collie Langhaar,Yardley Baxter,2016-01-27
Asher,Pinscher,Virginia Tillman,2015-10-13
Kyle,English Cocker Spaniel,Amity Weber,2011-10-11
Eve,Scottish Terrier,Ivana Massey,2020-05-11
Regina,Dalmatiner,Portia Jensen,2015-12-10
Paloma,Deutsch Langhaar,Omar Garner,2014-03-21
Donna,Malteser,Eugenia Fowler,2010-10-06
Blair,Dachshund,Veronica Maddox,2010-11-24
Aileen,Dobermann,Benjamin Morin,2012-11-05
Jameson,Bearded Collie,Olga Parsons,2010-08-24
Cassidy,Labrador Retriever,Faith Haynes,2016-12-28
Kylan,Bernhardiner,Ramona Acevedo,2012-11-11
Patrick,Mops,Jason Wright,2017-03-21
Courtney,Dalmatiner,Ralph Lambert,2014-12-08
Wade,Pudel,Xyla Cotton,2013-03-07
Aspen,Riesenschnauzer,Serina Sheppard,2016-03-24
Len,Neufundlaender,Chantale Chen,2016-10-25
Camden,Deutsch Kurzhaar,Demetria Contreras,2010-11-10
Phyllis,Grosspudel,Eaton Flynn,2016-01-27
David,Bernhardiner,Yardley Marquez,2014-09-18
Upton,Boxer,Sean Howell,2019-06-07
Guinevere,Dobermann,Clarke Bates,2011-05-19
Garrett,Berner Sennenhund,Chanda Burks,2019-01-16
Cameron,Kromfohrlaender,Charles Roach,2012-01-25
Brady,Neufundlaender,Kitra Young,2020-07-03
Hedy,Border Collie,Darrel West,2019-01-09
Hadley,Collie Langhaar,Amity Tyson,2019-04-11
Xyla,Pudel,Axel Hamilton,2010-01-10
Nolan,Zwergschnauzer,Garrett Osborn,2013-03-07
Alana,Deutsch Kurzhaar,Bevis Silva,2011-04-20
Nolan,Golden Retriever,Maxine Sykes,2019-08-15
Yolanda,Neufundlaender,Price Holcomb,2014-04-13
Kevyn,Dobermann,Jasper Hayden,2015-11-28
Thor,Labrador Retriever,Yuli Navarro,2011-03-07
Rooney,Chihuahua,Nomlanga Moreno,2016-07-17
Adam,Pudel,Quynn Daniels,2012-11-01
Aimee,Norfolk Terrier,Illana Knapp,2014-04-13
Adrian,Dachshund,Damon Branch,2014-10-02
Serena,Neufundlaender,Randall Estes,2018-08-15
Abel,Franzoesische Bulldogge,Patience Hickman,2014-02-28
Kameko,Dalmatiner,Reese Sutton,2018-11-23
Igor,Bull Terrier,Laith England,2015-02-12
Colorado,Deutscher Schaeferhund,Kuame Donovan,2012-02-19
Silas,Bernhardiner,Timon Marsh,2010-06-11
Pearl,Mastiff,Nero David,2015-06-12
Steel,Border Collie,Dale Chandler,2013-08-10
Hillary,Labrador Retriever,Penelope Chandler,2016-09-18
Ingrid,Norfolk Terrier,Chiquita Kramer,2017-06-14
Kylan,Irish Terrier,Amber Mcclure,2010-08-16
Ahmed,Deutsch Langhaar,Leo Cantu,2014-06-12
Bruce,Mastiff,Justin Sawyer,2015-12-25
Lunea,Pinscher,Jada Vasquez,2010-04-30
Elton,Dalmatiner,Jasmine Hays,2017-06-03
Declan,Bull Terrier,Emery Jenkins,2018-07-02
Myles,Boxer,Germane Kirk,2018-10-03
Jin,Neufundlaender,Lacey Blake,2013-07-01
Branden,Cocker-Spaniel,Blaine Vang,2020-03-03
Ferris,Dobermann,Hall Atkinson,2016-02-20
Keefe,Mops,Aretha Frank,2012-12-11
Hedwig,Zwergschnauzer,Maia Hendricks,2012-02-20
Fritz,Bull Terrier,Louis Blanchard,2011-04-23
Abraham,Deutsch Langhaar,Willow Franks,2018-03-06
Yoshio,Bearded Collie,Carol Holmes,2014-08-28
Justina,English Cocker Spaniel,Graiden Ruiz,2010-04-14
Emmanuel,Pinscher,Quamar Powell,2015-04-26
Cruz,Boxer,Brittany Jacobs,2012-05-02
Camden,Cocker-Spaniel,Daphne Blackwell,2014-09-25
Nissim,Yorkshire Terrier,Cassandra Johnston,2020-03-19
Keelie,Riesenschnauzer,TaShya Cline,2020-07-21
Kevin,Malteser,Illiana Faulkner,2012-01-13
Vladimir,Deutscher Schaeferhund,Tara Craft,2011-06-03
Winter,Irish Terrier,Rylee Powell,2017-05-21
Bevis,Deutsch Kurzhaar,Barrett Gates,2015-04-10
Ruth,Deutsch Kurzhaar,Chester Castaneda,2017-09-22
Lester,Border Collie,Dakota Wiggins,2015-07-11
Abraham,English Cocker Spaniel,Anjolie Phillips,2016-04-11
Olivia,Zwergschnauzer,Vera Koch,2010-01-04
Hadassah,Franzoesische Bulldogge,Farrah Bruce,2011-01-29
Elliott,Deutsch Langhaar,Shafira Powell,2016-04-24
Kasper,Bull Terrier,Galvin Franco,2017-07-08
Anastasia,Bernhardiner,Wynter Stein,2016-01-04
Nathan,Rottweiler,Herrod Alston,2015-09-14
Hiroko,Labrador Retriever,Kiona Raymond,2016-12-19
Chester,Deutsch Langhaar,Wanda Talley,2019-12-18
Rudyard,Border Collie,Rebekah Wyatt,2013-04-29
Debra,Neufundlaender,Fletcher Atkins,2016-11-25
Dahlia,Pekingese,Noelle Gallagher,2020-06-25
Maxine,Beagle,Chantale Ballard,2014-09-22
Keaton,Zwergschnauzer,Acton Stephenson,2010-08-10
Austin,Scottish Terrier,Xavier Merritt,2013-12-25
Stacey,Malteser,Sasha Hendricks,2018-10-30
Mary,Zwergpinscher,Jesse Dorsey,2016-08-15
Amos,Grosspudel,Jasper Williamson,2014-12-12
Inga,Mops,Brody David,2016-11-09
Allistair,Beagle,Serena Rose,2011-08-11
Kim,Grosspudel,Caleb Cline,2018-07-07
Hayes,Irish Terrier,Kane Harvey,2013-09-15
Sebastian,Riesenschnauzer,Tarik Davenport,2015-10-30
Catherine,Franzoesische Bulldogge,Gil Carney,2015-04-04
Beck,Deutsch Langhaar,Maxine Hendricks,2018-03-25
Asher,Malteser,Yoko Wade,2019-03-13
Boris,Pudel,Kirby Steele,2017-05-08
Dakota,Deutsch Kurzhaar,Sean Mcconnell,2016-05-28
Eugenia,Pinscher,Merrill Noble,2015-02-22
Jason,Labrador Retriever,Blair Powell,2016-12-29
Yuli,Deutsche Dogge,Teegan Clements,2012-03-31
Dahlia,Rottweiler,Bruce Cantrell,2020-02-23
Carlos,Cocker-Spaniel,Amela Boyle,2015-12-11
Scott,Riesenschnauzer,Phyllis Davis,2020-04-24
Solomon,Yorkshire Terrier,Hanae Pickett,2011-03-13
Kiara,Riesenschnauzer,Uma Hutchinson,2013-07-17
Drake,Rottweiler,Evan Ochoa,2016-12-05
Amir,Deutscher Schaeferhund,Rama Conley,2015-11-04
Dean,Malteser,Lewis Carter,2017-04-01
Kaitlin,Norfolk Terrier,Armand Blanchard,2016-02-26
Jenna,Bearded Collie,Mallory Mullins,2017-05-11
Axel,Kromfohrlaender,Amal Boyer,2019-04-06
Brandon,Pudel,Cassady Sloan,2019-02-28
Roth,Pekingese,Kirsten Neal,2012-06-13
Thane,Boxer,Amethyst Maddox,2020-05-04
Channing,Norfolk Terrier,Courtney Gates,2018-01-17
Buffy,Neufundlaender,Ivor Bird,2013-11-06
Chancellor,Deutsch Langhaar,Athena Paul,2016-02-27
Yoshi,Pekingese,Fuller Harvey,2011-05-23
Graham,Norfolk Terrier,Erasmus Mcleod,2011-10-09
Linus,Riesenschnauzer,Wilma Brooks,2010-10-18
Yeo,Border Collie,Castor Schwartz,2011-01-27
Castor,Beagle,Uriel Riggs,2014-03-18
Quin,Riesenschnauzer,Elaine Medina,2020-10-17
Abra,Dachshund,Abra Osborn,2012-06-26
Zachery,Golden Retriever,McKenzie Bradshaw,2010-11-18
Lisandra,Zwergschnauzer,Thane Slater,2011-12-11
Malik,Riesenschnauzer,Laura Garcia,2011-10-25
Dai,Grosspudel,Oliver Boyer,2017-10-10
Adrian,Zwergpinscher,Lavinia Beck,2015-01-06
Alma,Bull Terrier,Grant Downs,2012-05-17
Ethan,Pekingese,Charity Mckay,2019-11-29
Brenda,Pudel,Leilani Beach,2019-03-07
Ivy,Bearded Collie,Debra Hammond,2017-03-15
Burton,Deutsche Dogge,Maris Weiss,2017-09-21
Armando,Labrador Retriever,Noel Gomez,2014-12-25
Jameson,Franzoesische Bulldogge,Hadley Anderson,2013-10-11
Talon,Collie Langhaar,Reece Aguirre,2014-12-01
Genevieve,Malteser,Wynter Nunez,2012-08-31
Alexis,Mops,Jamalia Blankenship,2017-08-24
Emery,Irish Terrier,Xaviera Hebert,2012-07-09
Price,Mops,Jemima David,2013-10-18
Erasmus,Mops,Cynthia Morrow,2017-05-28
Carissa,Deutsche Dogge,Leah Heath,2011-10-14
Thaddeus,Bernhardiner,Bree Francis,2019-05-21
Price,Boxer,Joan Hogan,2011-02-09
Bradley,Boxer,Gannon Olsen,2016-09-21
Jana,Deutsch Langhaar,Felicia Mason,2010-02-09
Barrett,Norfolk Terrier,Georgia Montoya,2012-05-30
Dawn,Dobermann,Brielle Snow,2020-04-29
Ivana,Bull Terrier,Jayme Delaney,2012-01-12
Allistair,Norfolk Terrier,Brody Ware,2018-08-16
Lucian,Cocker-Spaniel,Claudia Hickman,2020-03-12
Tatyana,Deutsch Langhaar,Dale Malone,2017-11-21
Stacey,Cocker-Spaniel,Shay Marshall,2012-12-17
Todd,Boxer,Emerald Waters,2013-12-17
Mary,Malteser,Camille Macias,2013-09-20
Sawyer,Border Collie,Harper Mcdowell,2014-12-23
Tasha,Chihuahua,Tasha Chase,2010-07-31
Anthony,Deutsche Dogge,Stephanie Peterson,2011-03-13
Ciaran,Rottweiler,Maisie Maldonado,2011-03-23
Reed,Yorkshire Terrier,Joshua Mcfarland,2013-06-17
Holly,Golden Retriever,Walker Ford,2015-03-15
Stacy,English Cocker Spaniel,Louis Ortega,2011-02-15
Upton,Norfolk Terrier,Dane Bass,2017-02-08
Griffin,Scottish Terrier,Hedley Mejia,2016-09-29
Gary,Malteser,Vance Shaffer,2011-02-20
Channing,Cocker-Spaniel,Timothy Farrell,2015-06-10
Buffy,Deutscher Schaeferhund,Colette Paul,2014-03-05
Uta,Irish Terrier,Victor Dejesus,2017-08-22
Stone,Mops,Xandra Cortez,2010-10-03
Maite,Bearded Collie,Tad Rollins,2012-09-06
Hadassah,Grosspudel,Imogene Webster,2015-11-30
Kaye,Dobermann,Dustin Nichols,2013-07-13
Destiny,Chihuahua,Adena Mcclure,2019-05-20
Jasper,Border Collie,Ocean Roberts,2020-07-13
Porter,Deutsch Kurzhaar,Breanna Pope,2018-06-14
Dolan,Golden Retriever,Hedda Hill,2019-05-01
Felix,Border Collie,Maris Harding,2016-02-05
Kaye,Mastiff,Bertha Reeves,2015-06-29
Raphael,Bull Terrier,Whoopi Medina,2014-03-03
Bethany,Mastiff,Tamara Parrish,2011-10-19
Noble,Beagle,Hector Daniel,2012-04-27
Cynthia,Bernhardiner,MacKenzie Grimes,2012-02-12
Kellie,Collie Langhaar,Marvin Perry,2011-08-28
Quin,Pekingese,Ezekiel Copeland,2019-03-28
Halee,Dachshund,Ronan Beasley,2019-12-05
Cassady,Rottweiler,Joelle Livingston,2016-02-07
Orli,Bull Terrier,Blythe Campos,2018-11-19
Laura,Norfolk Terrier,Ina Gamble,2011-01-26
Basia,Deutsche Dogge,Kimberley Shields,2016-11-12
Rama,Scottish Terrier,Wendy Mcknight,2010-08-04
Tiger,Golden Retriever,Victoria Little,2013-07-09
Burton,Labrador Retriever,Angelica Wells,2017-01-02
Nita,Boxer,Melyssa Hunt,2012-08-01
Alyssa,Scottish Terrier,Clarke Larson,2017-05-25
Adena,Mastiff,Georgia Gardner,2013-08-02
Alisa,Franzoesische Bulldogge,Shelby Baker,2018-03-19
Nevada,Golden Retriever,Echo Sweet,2018-05-10
Eden,Deutscher Schaeferhund,Blair Salinas,2014-10-25
Ronan,Beagle,Erica Bauer,2012-11-16
Yael,Neufundlaender,Tarik Velazquez,2019-02-04
Aline,Rottweiler,Dane Bauer,2013-08-16
Kalia,Kromfohrlaender,Sloane Washington,2020-02-27
Gay,Golden Retriever,Sylvester Marks,2020-08-10
Noelle,Bearded Collie,Serina Kelley,2014-03-15
Norman,Franzoesische Bulldogge,Wing Alexander,2013-12-07
Cally,Chihuahua,Brady Durham,2020-04-19
Ezra,Rottweiler,Emerson Murphy,2013-05-14
Hayden,Cocker-Spaniel,Audra Woods,2019-10-02
Ryder,Boxer,Clio Dickson,2010-12-20
Beatrice,Scottish Terrier,Noble Adkins,2021-01-01
Hiroko,Collie Langhaar,Ivana Hunter,2010-06-23
Alma,Pinscher,Hu Morgan,2012-03-01
Leonard,Deutsch Langhaar,Hedwig Hubbard,2019-08-08
Scarlet,Franzoesische Bulldogge,Nero Lindsay,2019-07-08
Ross,Mops,Isabella Merrill,2011-04-12
Whilemina,Deutsch Kurzhaar,Maggy Noel,2010-03-15
Rinah,Chihuahua,Yvette Briggs,2018-03-25
Kylie,Rottweiler,Elizabeth Pate,2019-11-25
Imelda,Dobermann,Robin Guy,2012-11-17
Drew,Riesenschnauzer,Tanner Lara,2014-07-04
Lionel,Collie Langhaar,Idona Briggs,2018-10-13
Kennan,Yorkshire Terrier,Yoshi Michael,2019-10-11
Serina,Border Collie,Gisela House,2019-08-05
Brooke,Irish Terrier,Howard Dalton,2012-01-13
Dacey,Malteser,Helen Pearson,2018-06-02
Gretchen,Grosspudel,MacKenzie Kline,2014-05-19
Phyllis,Mastiff,Macon Patrick,2014-04-19
Camden,Labrador Retriever,Brittany Lucas,2016-01-19
Jolie,Scottish Terrier,Jin Baird,2014-04-22
Odysseus,Boxer,Bruce Delgado,2013-03-02
Mona,Zwergschnauzer,Sybill Haney,2012-03-05
Alyssa,Kromfohrlaender,Bree Paul,2014-02-26
Marcia,Labrador Retriever,Jaime Burnett,2013-11-29
Mira,Dalmatiner,Raymond Knapp,2017-07-23
Kadeem,Deutsch Kurzhaar,Diana Grimes,2016-03-18
Hayfa,Mops,Craig Clayton,2011-04-22
Kylan,Mops,Eleanor Burt,2012-08-16
Kimberly,Border Collie,Ginger Freeman,2010-04-25
Gisela,Zwergschnauzer,Ryan Rasmussen,2011-05-10
Berk,Pinscher,Tobias Hart,2011-03-26
Heidi,Grosspudel,Kiona Martinez,2010-01-29
Beau,Zwergschnauzer,Vera Whitehead,2017-09-18
Noah,Deutsche Dogge,Cassandra Russo,2019-10-01
Hermione,Labrador Retriever,Celeste Walters,2013-06-02
Zeph,Pudel,Thaddeus Nicholson,2013-08-01
Emma,Kromfohrlaender,Timon Hawkins,2012-04-27
Conan,Boxer,David Wilkinson,2015-05-17
Georgia,Rottweiler,Tatiana Shepard,2016-10-20
Daniel,Yorkshire Terrier,Tanya Herring,2017-04-23
Bradley,Kromfohrlaender,Cullen Bass,2013-04-27
Elaine,Mops,Aimee Rodriguez,2020-07-02
Chiquita,Malteser,Lunea Beach,2013-10-27
Althea,Mastiff,Olga Dalton,2014-04-25
Britanney,Rottweiler,Ella Dickerson,2018-12-24
Glenna,Scottish Terrier,Kuame Kerr,2017-04-06
Selma,Boxer,Donovan Mcfadden,2015-01-30
Nayda,Scottish Terrier,Unity Johnston,2016-04-09
Morgan,Mops,Phoebe Franklin,2019-01-05
Ulla,Pinscher,Amaya Rowland,2012-02-04
Castor,Deutscher Schaeferhund,Cassandra Hunter,2011-05-09
Quintessa,Golden Retriever,Wayne Dejesus,2010-05-08
Katelyn,Dalmatiner,Larissa Neal,2019-03-06
Iona,Pudel,Judah Hammond,2019-03-25
Mohammad,Malteser,Martha Riddle,2019-06-30
Donovan,Dalmatiner,Walter Ward,2014-03-02
Jana,Zwergschnauzer,Wesley Steele,2020-05-13
Dalton,Deutsch Langhaar,Patrick Cohen,2018-07-10
Luke,Pekingese,Amena Martin,2011-06-01
Kieran,Cocker-Spaniel,Francesca Wolfe,2011-04-25
Duncan,Kromfohrlaender,Anne Langley,2012-02-17
Cullen,English Cocker Spaniel,Zoe Kinney,2013-04-20
Karly,Bull Terrier,Taylor Mayer,2010-05-03
Olympia,Malteser,Linda Mcconnell,2014-03-25
Dillon,Irish Terrier,Solomon Dunlap,2011-04-12
Kennedy,Pinscher,Kiona Benton,2015-12-22
Regan,Boxer,Linus Weeks,2014-08-08
TaShya,English Cocker Spaniel,Isabelle Key,2020-01-20
Garth,Zwergschnauzer,James Serrano,2015-05-28
Sydnee,Deutsche Dogge,Chiquita Velez,2019-07-13
Branden,Dalmatiner,Kaitlin Perkins,2013-08-03
Cruz,Rottweiler,Martin Serrano,2019-12-01
Reagan,Dachshund,Indigo Kemp,2014-11-04
Alvin,Cocker-Spaniel,Dane Becker,2010-04-13
Wade,Bernhardiner,Jescie Baird,2013-07-18
Oliver,Mops,Knox Mccall,2012-08-20
Buckminster,Zwergpinscher,Carol French,2016-08-03
Olympia,Berner Sennenhund,Odette Price,2014-05-31
Channing,Collie Langhaar,Faith Miller,2011-08-01
India,Bernhardiner,Petra Olson,2015-10-29
Herman,Scottish Terrier,Devin Barber,2013-02-06
Lynn,Grosspudel,Sonia Hurst,2016-10-15
Zeph,Bearded Collie,Gavin Fry,2019-08-27
Cailin,Scottish Terrier,Ria Jensen,2011-05-01
Briar,Dachshund,Yardley Dominguez,2015-03-12
Lani,Dobermann,Ella Klein,2017-03-19
Chandler,Dachshund,Uma Howe,2016-08-17
Todd,Beagle,Hoyt Velazquez,2013-09-10
Serena,Dobermann,Maxwell Fox,2010-06-16
Tyler,Beagle,Chaney Bishop,2018-09-20
Delilah,Labrador Retriever,Aurelia Potter,2020-11-06
Wayne,English Cocker Spaniel,Cassady Ward,2017-07-12
Dai,Bearded Collie,Aurelia Avery,2010-01-30
Andrew,Collie Langhaar,Arsenio Meyer,2017-01-25
Victor,Neufundlaender,Hillary Little,2014-04-14
Leonard,Dachshund,Fritz Santiago,2013-11-01
Joy,Bull Terrier,Wang Mcclure,2017-08-29
Felix,Yorkshire Terrier,Lyle Romero,2016-10-15
Kimberley,Dalmatiner,Blaine Hopper,2013-02-14
Lyle,Norfolk Terrier,Isabelle Maynard,2010-04-19
Stewart,Mastiff,Kirby Pope,2014-07-05
Beatrice,Chihuahua,Scarlett Lowery,2011-05-18
Elliott,Beagle,Ryder Lindsey,2010-06-24
Nita,Deutsche Dogge,Darrel Wheeler,2017-08-20
Griffith,Mastiff,Isabelle Terrell,2013-01-03
Lionel,Cocker-Spaniel,Suki Buchanan,2017-03-03
Rogan,Cocker-Spaniel,Allegra Maynard,2016-02-06
Quamar,Bernhardiner,Damian Ferguson,2017-09-03
Guy,Dobermann,Nasim Swanson,2017-04-28
Caesar,Golden Retriever,Linda Stevenson,2018-08-19
Shannon,Kromfohrlaender,Warren Wilkerson,2011-05-30
Mark,Dalmatiner,Carla Franks,2015-08-17
Rhonda,Malteser,Vaughan Dale,2011-10-13
Carla,Malteser,Quintessa David,2017-04-30
Malachi,Yorkshire Terrier,Brynne Riley,2018-08-12
Gannon,Deutscher Schaeferhund,Kato Terry,2020-11-23
Kasper,Franzoesische Bulldogge,Aphrodite Hubbard,2016-05-18
Donovan,Deutsch Kurzhaar,Timon Raymond,2013-09-08
Gray,Zwergschnauzer,Ciaran Williamson,2019-06-26
Elton,Riesenschnauzer,August Ware,2019-07-10
Minerva,Dachshund,Clarke Lang,2017-02-25
Timothy,Rottweiler,Bevis Brock,2020-07-26
Denise,Deutscher Schaeferhund,Kiara Peters,2019-06-20
Miriam,Bearded Collie,Genevieve Welch,2014-03-30
Dolan,Boxer,Preston Kent,2011-05-30
Bo,Labrador Retriever,Nerea Palmer,2010-07-29
Claudia,Yorkshire Terrier,Nicole York,2015-12-15
Aaron,Deutsch Langhaar,Cecilia Barton,2014-10-01
Blaine,Grosspudel,Wallace Spears,2012-01-01
Barrett,Neufundlaender,Eliana Rich,2019-03-12
Whilemina,Deutsch Langhaar,Keefe Stein,2017-04-16
Ronan,Irish Terrier,Katelyn Warner,2020-03-05
Abbot,Dobermann,Grant Wagner,2011-09-13
Kim,Cocker-Spaniel,Jonas Osborn,2016-02-29
Rafael,Labrador Retriever,Carlos Lawrence,2014-09-13
Tanya,Pinscher,Caryn Butler,2010-01-05
Lillith,Deutsch Kurzhaar,Dexter Quinn,2015-10-15
Caesar,Chihuahua,Yuri Vaughan,2019-03-07
Herman,Riesenschnauzer,Christine Watts,2010-05-27
Zeus,Deutsche Dogge,Hadley Mckay,2019-01-06
Kathleen,Boxer,Urielle Castillo,2014-09-10
Steven,Zwergschnauzer,Kalia Dawson,2020-04-18
Brody,Dobermann,Risa Mclaughlin,2019-01-04
Dolan,Golden Retriever,Illana Alexander,2013-04-28
Daniel,Bull Terrier,Nathan Thompson,2020-07-13
Patience,Pudel,Linda Stone,2013-12-24
Florence,Beagle,Addison Rasmussen,2020-10-20
Robin,Dalmatiner,Blaine Bryant,2018-03-09
Eliana,Collie Langhaar,Genevieve Ingram,2014-09-26
Kelly,Pekingese,Nelle Blair,2012-10-01
Aiko,Collie Langhaar,Jeanette Hill,2014-10-05
Fritz,Deutsche Dogge,Eleanor Mcmillan,2014-10-14
Xanthus,Labrador Retriever,Amery Burnett,2011-07-20
Edward,Dachshund,Macey Williams,2010-11-05
Zeus,Deutsch Langhaar,Georgia Alston,2014-05-15
Zelenia,Riesenschnauzer,Joseph Walter,2010-08-29
Mollie,Malteser,Cameron Campos,2014-02-03
Dexter,Zwergpinscher,Josephine Sawyer,2020-06-06
Bert,Bull Terrier,Jena Montgomery,2016-09-01
Abbot,Cocker-Spaniel,Jenna Huffman,2010-12-05
Daphne,Deutsche Dogge,Linda Jenkins,2013-05-12
Jolene,Scottish Terrier,Carly Fox,2011-05-07
Mona,Grosspudel,Fiona Blair,2011-10-15
Phillip,Rottweiler,Kelly Tyler,2011-11-17
Calvin,Pekingese,Zenaida Cameron,2015-11-14
Xyla,Berner Sennenhund,Rhoda Vargas,2015-05-24
Ralph,Kromfohrlaender,Solomon Day,2020-06-21
Velma,Kromfohrlaender,Porter Zimmerman,2013-10-23
Fulton,Malteser,Zahir Robles,2011-04-22
Zenaida,Zwergschnauzer,Paki Mooney,2018-02-02
Francis,English Cocker Spaniel,Leila Ferguson,2019-01-18
Knox,Pinscher,Chantale Keller,2014-06-16
Cullen,Mastiff,Sonya Franco,2012-04-16
Hayfa,Dobermann,Ignacia Hampton,2011-11-26
Yoko,Malteser,Quail Waters,2011-07-07
Perry,Zwergschnauzer,Kitra Francis,2017-05-08
Camden,Deutsche Dogge,Gwendolyn Wallace,2015-01-07
Marny,Bernhardiner,Indira Allen,2019-12-26
Ariana,Deutsch Kurzhaar,Jenette Anthony,2012-04-23
Zelenia,Riesenschnauzer,Felix Mack,2016-01-02
Petra,Irish Terrier,Nadine Vance,2010-11-06
Nigel,Chihuahua,Jolene Mcconnell,2019-11-28
Macy,Labrador Retriever,Mona Trujillo,2017-03-01
Nicholas,Pekingese,Aspen Sparks,2013-12-19
Karen,Deutsche Dogge,Brent Erickson,2020-01-21
Yasir,Norfolk Terrier,Ivana Carter,2018-07-07
Keaton,Border Collie,Georgia Bennett,2016-06-25
Baker,Riesenschnauzer,Lester Macias,2019-12-19
Wynter,Rottweiler,Stewart Bishop,2013-06-14
Kelly,Rottweiler,Thaddeus Bowman,2015-10-05
Diana,Zwergschnauzer,Violet Hill,2018-08-31
Isabella,Collie Langhaar,Kiona Brown,2013-07-12
Adrienne,Pinscher,Trevor Barlow,2013-05-20
Clare,Franzoesische Bulldogge,Dolan Hebert,2017-04-14
Ulric,Labrador Retriever,Molly Golden,2011-08-30
Mona,English Cocker Spaniel,Xantha Kerr,2018-03-05
Paul,Neufundlaender,Colton Estrada,2017-12-28
Rebecca,Neufundlaender,Callum Randolph,2020-05-27
Linda,Border Collie,Yuli Lane,2010-06-20
Tanek,Collie Langhaar,Maite Irwin,2020-08-12
Stuart,Dachshund,Chantale Sparks,2020-01-31
Carlos,Mops,Timothy Mccall,2013-08-21
April,Mops,Eleanor Page,2018-06-07
Kessie,Irish Terrier,Lana Jensen,2019-05-14
Maryam,Yorkshire Terrier,Ivy Young,2010-02-12
Imelda,Mastiff,Ezekiel Ferguson,2017-08-14
Elmo,Malteser,Ivor Craft,2018-01-11
Clayton,Golden Retriever,Nita Rosario,2019-11-17
Madaline,Bull Terrier,Rebecca Booker,2019-01-31
Rhiannon,Collie Langhaar,Cynthia Harrington,2011-12-31
Jack,Collie Langhaar,Kelly Cobb,2012-10-18
Adele,Dalmatiner,Simon Best,2014-09-14
Nathan,Pudel,Boris Mayo,2014-04-28
Matthew,Mastiff,Shelley Miranda,2012-04-06
Bradley,Collie Langhaar,Cassandra Oneil,2015-11-27
Oscar,Zwergschnauzer,Zephr Gonzales,2017-01-16
Julie,English Cocker Spaniel,Charlotte Chang,2020-02-18
Natalie,Riesenschnauzer,Charlotte Chang,2012-08-19
Lee,English Cocker Spaniel,Charlotte Chang,2020-09-28
Yasir,Deutsche Dogge,Stephanie Steele,2016-10-11
Justin,Border Collie,Emery Cohen,2011-08-20
Jonah,Dobermann,Devin Marks,2013-05-15
Silas,Bull Terrier,Quintessa Camacho,2012-02-20
Neve,Irish Terrier,Leigh Kelley,2015-01-17
Kaden,Pudel,Branden Beck,2014-08-22
Susan,Malteser,Armand Kirby,2018-09-22
Harrison,Norfolk Terrier,Emi Bryant,2017-03-29